https://www.entrepreneur.com/article/330718,Advertising
https://www.entrepreneur.com/article/289976,Advertising
https://www.entrepreneur.com/article/304566,Advertising
https://www.entrepreneur.com/article/296585,Advertising
https://www.entrepreneur.com/article/54436,Advertising
https://www.entrepreneur.com/article/241233,Advertising
https://www.entrepreneur.com/article/281127,Advertising
https://www.entrepreneur.com/article/250889,Advertising
https://www.entrepreneur.com/article/223567,Advertising
https://www.entrepreneur.com/article/326236,Advertising
https://www.entrepreneur.com/article/223084,Advertising
https://www.entrepreneur.com/article/290186,Advertising
https://www.entrepreneur.com/article/159412,Advertising
https://www.entrepreneur.com/article/345228,Advertising
https://www.entrepreneur.com/article/340703,Advertising
https://www.entrepreneur.com/article/318077,Advertising
https://www.entrepreneur.com/article/292867,Advertising
https://www.entrepreneur.com/article/314326,Advertising
https://www.entrepreneur.com/article/247299,Advertising
https://www.entrepreneur.com/article/299643,Advertising
https://www.entrepreneur.com/article/309801,Advertising
https://www.entrepreneur.com/article/337168,Advertising
https://www.entrepreneur.com/article/322110,Advertising
https://www.entrepreneur.com/article/286082,Advertising
https://www.entrepreneur.com/article/311646,Advertising
https://www.entrepreneur.com/article/248780,Advertising
https://www.entrepreneur.com/article/239952,Advertising
https://www.entrepreneur.com/article/313943,Advertising
https://www.entrepreneur.com/article/224523,Advertising
https://www.entrepreneur.com/article/242393,Advertising
https://www.entrepreneur.com/article/321913,Advertising
https://www.entrepreneur.com/article/239497,Advertising
https://www.entrepreneur.com/article/345478,Advertising
https://www.entrepreneur.com/article/236095,Advertising
https://www.entrepreneur.com/article/341656,Advertising
https://www.entrepreneur.com/article/235177,Advertising
https://www.entrepreneur.com/article/320958,Advertising
https://www.entrepreneur.com/article/306161,Advertising
https://www.entrepreneur.com/article/200220,Advertising
https://www.entrepreneur.com/article/311239,Advertising
https://www.entrepreneur.com/article/295393,Advertising
https://www.entrepreneur.com/article/280516,Advertising
https://www.entrepreneur.com/article/251627,Advertising
https://www.entrepreneur.com/article/50100,Advertising
https://www.entrepreneur.com/article/233687,Advertising
https://www.entrepreneur.com/article/225682,Advertising
https://www.entrepreneur.com/article/305380,Advertising
https://www.entrepreneur.com/article/201896,Advertising
https://www.entrepreneur.com/article/237950,Advertising
https://www.theguardian.com/business/2020/mar/05/itv-forecasts-10-drop-in-advertising-revenues-due-to-coronavirus,Advertising
https://www.telegraph.co.uk/business/2020/03/05/itv-warns-10pc-slide-advertising/,Advertising
https://www.cityam.com/global-signs-outdoor-advertising-deal-with-bt/,Advertising
https://www.creativereview.co.uk/advertising-trust/,Advertising
https://www.exchangewire.com/blog/2020/03/02/the-era-of-digital-integrity-from-data-driven-to-choice-first-advertising/,Advertising
https://www.creativereview.co.uk/celebration-advertisings-rich-heritage/,Advertising
https://www.businessleader.co.uk/how-much-money-does-coca-cola-spend-on-advertising/80315/,Advertising
https://www.warrington-worldwide.co.uk/2020/03/03/the-power-of-linkedin-advertising/,Advertising
https://www.heraldscotland.com/news/18279333.scottish-campaigners-call-ban-alcohol-advertising-sport/,Advertising
https://www.thenational.scot/news/18279675.uk-advertising-agency-bans-third-pro-independence-billboard/,Advertising
https://www.ft.com/content/4afbfacc-5eb6-11ea-8033-fa40a0d65a98,Advertising
https://www.exchangewire.com/blog/2020/02/12/how-to-reinvent-digital-advertising-after-the-death-of-the-cookie/,Advertising
https://www.axios.com/coronavirus-media-advertising-industries-30f5a229-4cb1-4b2b-8332-923026ecb830.html,Advertising
https://www.clickz.com/can-publishers-alliances-be-the-future-for-digital-advertising/260450/,Advertising
https://www.bbc.co.uk/news/business-51479770,Advertising
https://cpj.org/2020/03/pakistan-government-suspends-advertising-in-2-inde.php,Advertising
https://www.marketscreener.com/JCDECAUX-4664/news/JCDecaux-Advertising-group-JCDecaux-warns-on-sales-operating-margin-due-to-coronavirus-outbreak-30112394/,Advertising
https://www.openpr.com/news/1955510/programmatic-advertising-platform-market-2020-fastest-growth,Advertising
https://www.bizjournals.com/albuquerque/news/2020/03/04/30-best-advertising-ideas-from-new-mexico.html,Advertising
https://www.creativereview.co.uk/rules-for-great-advertising/,Advertising
https://www.theguardian.com/education/2020/feb/07/ucas-advertising-private-loans-students,Advertising
https://www.entrepreneur.com/article/235469,Advertising
https://www.entrepreneur.com/article/290269,Entrepreneurship
https://www.entrepreneur.com/article/244808,Entrepreneurship
https://www.entrepreneur.com/article/293512,Entrepreneurship
https://www.entrepreneur.com/article/247540,Entrepreneurship
https://www.entrepreneur.com/article/338279,Entrepreneurship
https://www.entrepreneur.com/article/243389,Entrepreneurship
https://www.entrepreneur.com/article/252262,Entrepreneurship
https://www.entrepreneur.com/article/325800,Entrepreneurship
https://www.entrepreneur.com/article/201588,Entrepreneurship
https://www.entrepreneur.com/article/238908,Entrepreneurship
https://www.entrepreneur.com/article/247137,Entrepreneurship
https://www.entrepreneur.com/article/310517,Entrepreneurship
https://www.entrepreneur.com/article/346905,Entrepreneurship
https://www.entrepreneur.com/article/245599,Entrepreneurship
https://www.entrepreneur.com/article/254215,Entrepreneurship
https://www.entrepreneur.com/article/228464,Entrepreneurship
https://www.entrepreneur.com/article/292277,Entrepreneurship
https://www.entrepreneur.com/article/312223,Entrepreneurship
https://www.entrepreneur.com/article/242573,Entrepreneurship
https://www.entrepreneur.com/article/249417,Entrepreneurship
https://www.entrepreneur.com/article/327819,Entrepreneurship
https://www.entrepreneur.com/article/339851,Entrepreneurship
https://www.entrepreneur.com/article/269757,Entrepreneurship
https://www.entrepreneur.com/article/286808,Entrepreneurship
https://www.entrepreneur.com/article/334029,Entrepreneurship
https://www.entrepreneur.com/article/344052,Entrepreneurship
https://www.entrepreneur.com/article/285079,Entrepreneurship
https://www.entrepreneur.com/article/297899,Entrepreneurship
https://www.entrepreneur.com/article/285804,Entrepreneurship
https://www.entrepreneur.com/article/228744,Entrepreneurship
https://www.entrepreneur.com/article/332940,Entrepreneurship
https://www.entrepreneur.com/article/332403,Entrepreneurship
https://www.entrepreneur.com/article/335604,Entrepreneurship
https://www.entrepreneur.com/article/292631,Entrepreneurship
https://www.entrepreneur.com/article/251838,Entrepreneurship
https://www.entrepreneur.com/article/313123,Entrepreneurship
https://www.entrepreneur.com/article/345689,Entrepreneurship
https://www.entrepreneur.com/article/251981,Entrepreneurship
https://www.entrepreneur.com/article/269796,Entrepreneurship
https://www.entrepreneur.com/article/333843,Entrepreneurship
https://www.entrepreneur.com/article/289239,Entrepreneurship
https://www.entrepreneur.com/article/241175,Entrepreneurship
https://www.entrepreneur.com/article/285656,Entrepreneurship
https://www.entrepreneur.com/article/344964,Entrepreneurship
https://www.entrepreneur.com/article/284761,Entrepreneurship
https://www.entrepreneur.com/article/336537,Entrepreneurship
https://www.entrepreneur.com/article/288769,Entrepreneurship
https://www.entrepreneur.com/article/249675,Entrepreneurship
https://www.entrepreneur.com/article/254641,Entrepreneurship
https://www.entrepreneur.com/article/347070,Entrepreneurship
https://entrepreneurship.babson.edu/how-do-you-define-entrepreneurship/,Entrepreneurship
https://www.forbes.com/sites/bonniechiu/2020/03/05/startup-accelerators-are-exacerbating-financing-gap-for-female-entrepreneurs-in-emerging-markets/#2d94b8fe2e31,Entrepreneurship
https://www.forbes.com/sites/bonniechiu/2020/03/04/supporting-and-celebrating-female-entrepreneurship-in-conflict-zones/#1a74f6872924,Entrepreneurship
https://finance.yahoo.com/news/u-entrepreneurship-levels-continue-upward-194800607.html?guccounter=1&guce_referrer=aHR0cHM6Ly93d3cuZ29vZ2xlLmNvbS8&guce_referrer_sig=AQAAABV-1ITdN92FaMgVxixw7A8XiSfVC7BDyxw1HgoqYWrHb1YO3WafI_ihWKac65XEBh_EZRcnSLsN7bEBvmsG05drOe1N41hU5HyJs4uOEkXrun19Y_bNCLjddG9kp-PQ9zYYKiTmOcwVe-wCWIgseag1xSMQM2gjSgzL7J_MjAFJ,Entrepreneurship
https://www.entrepreneur.com/article/346311,Entrepreneurship
https://paw.princeton.edu/article/inaugural-arts-and-entrepreneurship-day-sparks-interdisciplinary-conversations,Entrepreneurship
https://news.trust.org/item/20200305145052-8pfg5/,Entrepreneurship
https://www.theguardian.com/commentisfree/2020/mar/04/the-guardian-view-on-entrepreneurs-relief-the-uks-worst-tax-break,Entrepreneurship
https://entrepreneurship.babson.edu/entrepreneurs-worldwide-want-their-business-to-make-a-difference/,Entrepreneurship
https://dailycampus.com/stories/2020/3/4/biomedical-entrepreneurship-course-to-be-offered-fall-2020,Entrepreneurship
https://www.eastmidlandsbusinesslink.co.uk/mag/news/men-twice-as-likely-to-become-entrepreneurs-than-women/,Entrepreneurship
https://nation.com.pk/04-Mar-2020/microsoft-launches-social-entrepreneurship-programme,Entrepreneurship
https://www.forbes.com/sites/daveknox/2020/02/29/how-acquisition-entrepreneurship-turned-country-archer-into-one-of-the-worlds-fastest-growing-brands/#5818cafb670b,Entrepreneurship
https://dailybusinessgroup.co.uk/2020/03/scots-sidelined-as-rose-unveils-uk-fund-for-females/,Entrepreneurship
https://www.hindustantimes.com/brand-post/corporate-entrepreneurship-is-the-way-to-reap-the-demographic-dividend/story-ym9CLdZWtVxqCytvOmAZIO.html,Entrepreneurship
https://tribuneonlineng.com/ekiti-govt-to-partner-abuad-on-entrepreneurship-development/,Entrepreneurship
https://www.businessinsider.com/3-lessons-that-5-year-olds-can-learn-from-entrepreneurship-2020-2?r=US&IR=T,Entrepreneurship
https://entrepreneurship.babson.edu/building-base-future-entrepreneurs/,Entrepreneurship
https://via.news/investment/facilitate-funding-female-entrepreneurs-whtt-co-founder/,Entrepreneurship
https://techround.co.uk/news/men-twice-as-likely-to-become-entrepreneurs-over-women/,Entrepreneurship
https://www.entrepreneur.com/article/245640,Entrepreneurship
https://www.entrepreneur.com/article/248655,Accounting
https://www.entrepreneur.com/article/236775,Accounting
https://www.entrepreneur.com/article/245775,Accounting
https://www.entrepreneur.com/article/281931,Accounting
https://www.entrepreneur.com/article/298649,Accounting
https://www.entrepreneur.com/article/315787,Accounting
https://www.entrepreneur.com/article/294831,Accounting
https://www.entrepreneur.com/article/224042,Accounting
https://www.entrepreneur.com/article/344978,Accounting
https://www.entrepreneur.com/article/321084,Accounting
https://www.entrepreneur.com/article/228884,Accounting
https://www.entrepreneur.com/article/21908,Accounting
https://www.entrepreneur.com/article/325055,Accounting
https://www.entrepreneur.com/article/346771,Accounting
https://www.entrepreneur.com/article/284629,Accounting
https://www.entrepreneur.com/article/81408,Accounting
https://www.entrepreneur.com/article/332991,Accounting
https://www.entrepreneur.com/article/232841,Accounting
https://www.entrepreneur.com/article/249673,Accounting
https://www.entrepreneur.com/article/166216,Accounting
https://www.entrepreneur.com/article/226946,Accounting
https://www.entrepreneur.com/article/246835,Accounting
https://www.entrepreneur.com/article/282896,Accounting
https://www.entrepreneur.com/article/229052,Accounting
https://www.entrepreneur.com/article/330419,Accounting
https://www.entrepreneur.com/article/227689,Accounting
https://www.entrepreneur.com/article/231409,Accounting
https://www.entrepreneur.com/article/276444,Accounting
https://www.entrepreneur.com/article/21924,Accounting
https://www.entrepreneur.com/article/290617,Accounting
https://www.entrepreneur.com/article/219523,Accounting
https://www.entrepreneur.com/article/50012,Accounting
https://www.entrepreneur.com/article/218978,Accounting
https://www.entrepreneur.com/article/273941,Accounting
https://www.entrepreneur.com/article/225011,Accounting
https://www.entrepreneur.com/article/248433,Accounting
https://www.entrepreneur.com/article/269625,Accounting
https://www.entrepreneur.com/article/286807,Accounting
https://www.entrepreneur.com/article/61176,Accounting
https://www.entrepreneur.com/article/226962,Accounting
https://www.entrepreneur.com/article/321129,Accounting
https://www.entrepreneur.com/article/23314,Accounting
https://www.entrepreneur.com/article/278671,Accounting
https://www.entrepreneur.com/article/233168,Accounting
https://www.entrepreneur.com/article/220004,Accounting
https://www.entrepreneur.com/article/308164,Accounting
https://www.entrepreneur.com/article/240875,Accounting
https://www.entrepreneur.com/article/343462,Accounting
https://www.entrepreneur.com/article/330452,Accounting
https://employeebenefits.co.uk/aat-gender-pay-13-7-4/,Accounting
https://www.pymnts.com/news/b2b-payments/2020/tribe-payments-accountants-corporate-innovation-integration/,Accounting
https://www.ft.com/content/1ddf7430-5987-11ea-a528-dd0f971febbc,Accounting
https://www.getreading.co.uk/news/reading-berkshire-news/cost-reading-council-accounting-problems-17836002,Accounting
https://www.accountingtoday.com/news/finance-pros-plan-to-spend-heavily-on-tech-this-year,Accounting
https://www.wsj.com/articles/u-k-regulator-asks-accounting-firms-to-wall-off-audit-practice-install-separate-board-11582931854,Accounting
https://www.economist.com/finance-and-economics/2020/02/20/the-appeal-and-the-flaws-of-cash-based-accounting,Accounting
https://www.gurufocus.com/news/1065419/pacwest-bancorp-pacw-evp-chief-accounting-officer-bart-r-olson-bought-57798-of-shares,Accounting
https://www.openpr.com/news/1956390/artificial-intelligence-in-accounting-market-set-for-rapid,Accounting
https://www.icaew.com/about-icaew/news/press-release-archive/2020-news-releases/global-accounting-leaders-call-on-profession-to-help-address-climate-change,Accounting
https://thefinancialnewsdaily.com/accounting-management-consulting-services-market-size-and-share-2020-by-industry-impact-sales-revenue-future-demands-growth-factors-and-drivers-emerging-trends-competitive-landscape-and-for/1321/,Accounting
https://monroescoop.com/news/35290/hospitality-accounting-software-market-competitive-insights-with-growth-prospects-2020-to-2025/,Accounting
https://www.cityam.com/ted-baker-set-to-sell-london-hq-amid-accounting-crisis/,Accounting
https://nysenewstimes.com/online-accounting-tools-market-size-share-trend-industry-analysis-report-2025/,Accounting
https://www.ilfordrecorder.co.uk/news/politics/social-care-overspend-1-6504099,Accounting
https://www.accountingtoday.com/news/acca-eyes-global-economic-impact-of-coronavirus,Accounting
https://shawneemissionpost.com/2020/03/05/after-exhaustion-of-reserve-fund-following-accounting-error-downtown-overland-park-partnership-has-emerged-solvent-88035/,Accounting
https://monroescoop.com/uncategorized/32511/recent-research-on-accounting-software-market-by-2026-future-insights-share-demand-sales-key-companies-and-trends-analysis/,Accounting
https://www.thetimes.co.uk/article/kerry-group-bows-to-accounting-watchdog-iaasa-on-reporting-revenues-data-frz5cbj62,Accounting
https://nysenewstimes.com/latest-trending-report-on-fund-accounting-software-market-booming-globally/,Accounting
https://www.entrepreneur.com/article/279588,Accounting
https://www.entrepreneur.com/article/345558,Audit
https://www.entrepreneur.com/article/222585,Audit
https://www.entrepreneur.com/article/207232,Audit
https://www.entrepreneur.com/article/244045,Audit
https://www.entrepreneur.com/article/217525,Audit
https://www.entrepreneur.com/article/333362,Audit
https://www.entrepreneur.com/article/202332,Audit
https://www.entrepreneur.com/article/270948,Audit
https://www.entrepreneur.com/article/231133,Audit
https://www.entrepreneur.com/article/229654,Audit
https://www.entrepreneur.com/article/237637,Audit
https://www.entrepreneur.com/article/201834,Audit
https://www.entrepreneur.com/article/47570,Audit
https://www.entrepreneur.com/article/232833,Audit
https://www.entrepreneur.com/article/306340,Audit
https://www.entrepreneur.com/article/233943,Audit
https://www.entrepreneur.com/article/251000,Audit
https://www.entrepreneur.com/article/336150,Audit
https://www.entrepreneur.com/article/284629,Audit
https://www.entrepreneur.com/article/217784,Audit
https://www.entrepreneur.com/article/222806,Audit
https://www.entrepreneur.com/article/242076,Audit
https://www.entrepreneur.com/article/275126,Audit
https://www.entrepreneur.com/article/233168,Audit
https://www.entrepreneur.com/article/202036,Audit
https://www.entrepreneur.com/article/47570,Audit
https://www.entrepreneur.com/article/225903,Audit
https://www.entrepreneur.com/article/181744,Audit
https://www.entrepreneur.com/article/286807,Audit
https://www.entrepreneur.com/article/322953,Audit
https://www.entrepreneur.com/article/310466,Audit
https://www.entrepreneur.com/article/233261,Audit
https://www.entrepreneur.com/article/345558,Audit
https://www.entrepreneur.com/article/21912,Audit
https://www.entrepreneur.com/article/204862,Audit
https://www.entrepreneur.com/article/232319,Audit
https://www.entrepreneur.com/article/330668,Audit
https://www.entrepreneur.com/article/246063,Audit
https://www.entrepreneur.com/article/236845,Audit
https://www.entrepreneur.com/article/57428,Audit
https://www.entrepreneur.com/article/244189,Audit
https://www.entrepreneur.com/article/220004,Audit
https://www.entrepreneur.com/article/43302,Audit
https://www.entrepreneur.com/article/76794,Audit
https://www.entrepreneur.com/article/246835,Audit
https://www.entrepreneur.com/article/312226,Audit
https://www.entrepreneur.com/article/81260,Audit
https://www.entrepreneur.com/article/230373,Audit
https://www.entrepreneur.com/article/219279,Audit
https://www.consultancy.uk/news/23915/kpmg-replaced-by-bdo-as-wincanton-auditor,Audit
https://www.director.co.uk/internal-auditors-code/,Audit
https://uk.reuters.com/article/uk-britain-accounts-regulator/watchdog-expects-britains-audit-shake-up-to-start-this-year-idUKKBN20S18D,Audit
https://www.ft.com/content/efa3f33e-5170-11ea-a1ef-da1721a0541e,Audit
https://www.assetfinanceinternational.com/index.php/technology/technology-archive/technology-articles/19254-audit-resource-technology-s-christian-pawsey-tells-how-the-company-plans-to-digitalise-the-automotive-stock-auditing-process,Audit
https://www.cpajournal.com/2020/03/04/reforming-the-auditing-profession/,Audit
https://mediatel.co.uk/news/2020/03/03/iab-gold-standard-2-0-names-abc-as-auditor/,Audit
https://uk.reuters.com/article/uk-britain-accounts/uk-watchdog-asks-top-accountancy-firms-to-ring-fence-auditing-idUKKCN20L2HO,Audit
https://www.cpajournal.com/2020/03/02/10132/,Audit
https://www.wsj.com/articles/without-an-independent-watchdog-who-will-audit-the-auditors-11582156537,Audit
https://www.accountancytoday.co.uk/2020/03/05/auditing-scandals-are-on-the-rise-what-needs-to-change/,Audit
https://www.ft.com/content/b4926ec6-5335-11ea-8841-482eed0038b1,Audit
https://news.bloombergtax.com/financial-accounting/auditors-prepare-for-coronavirus-travel-reporting-disruptions,Audit
https://www.unian.info/economics/10899755-russia-auditing-financial-economic-performance-of-its-units-in-occupied-donbas-ukraine-intel.html,Audit
https://environment-analyst.com/mis/95978/frc-to-review-climate-auditing-and-reporting,Audit
https://cointelegraph.com/news/fcoin-blames-poor-auditing-for-shutdown-but-others-suspect-exit-scam,Audit
https://sbcnews.co.uk/europe/2020/02/28/codere-pays-high-price-for-auditing-2019-restructure/,Audit
https://www.reuters.com/article/us-companies-climate-change/uk-watchdog-to-scrutinize-how-companies-auditors-calculate-climate-risk-idUSKBN20E0ST,Audit
https://www.accountingedu.org/what-is-auditing.html,Audit
https://corporatefinanceinstitute.com/resources/knowledge/accounting/auditing/,Audit
https://www.brightnetwork.co.uk/career-path-guides/accounting-audit-tax/what-is-audit-accounting/,Audit
https://www.ucas.com/ucas/after-gcses/find-career-ideas/explore-jobs/job-profile/auditor,Audit
https://www.icaew.com/library/subject-gateways/auditing/knowledge-guide-to-uk-auditing-standards,Audit
https://www.dummies.com/business/accounting/auditing/auditing-for-dummies-cheat-sheet/,Audit
https://www.frc.org.uk/auditors/audit-assurance/auditor-s-responsibilities-for-the-audit-of-the-fi/description-of-the-auditor%E2%80%99s-responsibilities-for,Audit
https://www.westsuffolk.gov.uk/Council/Finance_and_Statistics/whatisauditing.cfm,Audit
https://www.medscape.com/viewarticle/925662,Audit
https://www.entrepreneur.com/article/346189,Audit
https://www.entrepreneur.com/article/343883,Banking
https://www.entrepreneur.com/article/319921,Banking
https://www.entrepreneur.com/article/344621,Banking
https://www.entrepreneur.com/article/335230,Banking
https://www.entrepreneur.com/article/206134,Banking
https://www.entrepreneur.com/article/329882,Banking
https://www.entrepreneur.com/article/337362,Banking
https://www.entrepreneur.com/article/340524,Banking
https://www.entrepreneur.com/article/285631,Banking
https://www.entrepreneur.com/article/303702,Banking
https://www.entrepreneur.com/article/201208,Banking
https://www.entrepreneur.com/article/333465,Banking
https://www.entrepreneur.com/article/289259,Banking
https://www.entrepreneur.com/article/305637,Banking
https://www.entrepreneur.com/article/320160,Banking
https://www.entrepreneur.com/article/291933,Banking
https://www.entrepreneur.com/article/26234,Banking
https://www.entrepreneur.com/article/330427,Banking
https://www.entrepreneur.com/article/207234,Banking
https://www.entrepreneur.com/article/324006,Banking
https://www.entrepreneur.com/article/311644,Banking
https://www.entrepreneur.com/article/343397,Banking
https://www.entrepreneur.com/article/346874,Banking
https://www.entrepreneur.com/article/331301,Banking
https://www.entrepreneur.com/article/14526,Banking
https://www.entrepreneur.com/article/33950,Banking
https://www.entrepreneur.com/article/273922,Banking
https://www.entrepreneur.com/article/206152,Banking
https://www.entrepreneur.com/article/344344,Banking
https://www.entrepreneur.com/article/227813,Banking
https://www.entrepreneur.com/article/288788,Banking
https://www.entrepreneur.com/article/335850,Banking
https://www.entrepreneur.com/article/322647,Banking
https://www.entrepreneur.com/article/295193,Banking
https://www.entrepreneur.com/article/301019,Banking
https://www.entrepreneur.com/article/245871,Banking
https://www.entrepreneur.com/article/316234,Banking
https://www.entrepreneur.com/article/251252,Banking
https://www.entrepreneur.com/article/294142,Banking
https://www.entrepreneur.com/article/332315,Banking
https://www.entrepreneur.com/article/272671,Banking
https://www.entrepreneur.com/article/338917,Banking
https://www.entrepreneur.com/article/318380,Banking
https://www.entrepreneur.com/article/312825,Banking
https://www.entrepreneur.com/article/338497,Banking
https://www.entrepreneur.com/article/333428,Banking
https://www.entrepreneur.com/article/286633,Banking
https://www.entrepreneur.com/article/273214,Banking
https://www.entrepreneur.com/article/298681,Banking
https://www.economist.com/finance-and-economics/2020/03/05/can-americas-banking-system-keep-cash-flowing-if-activity-dries-up,Banking
https://www.moneysavingexpert.com/news/2020/03/monzo-tops-our-customer-service-poll---see-how-your-bank-did/,Banking
https://www.ft.com/content/57001260-5c98-11ea-8033-fa40a0d65a98,Banking
https://www.livemint.com/industry/banking/bank-strike-this-month-to-protest-against-mergers-of-psu-banks-11583385466941.html,Banking
https://www.pymnts.com/news/b2b-payments/2020/open-banking-smb-finance-accounting/,Banking
https://www.theguardian.com/world/2020/mar/03/banks-issue-emergency-loans-to-firms-hit-by-coronavirus-crisis,Banking
https://www.theguardian.com/business/2020/mar/04/metro-bank-risk-officer-grahame-mcgirr,Banking
https://www.bobsguide.com/guide/news/2020/Mar/5/path-solutions-launches-its-digital-banking-suite-underpinned-by-state-of-the-art-analytics/,Banking
https://www.jpost.com/Israel-News/Bank-of-Jerusalem-CEO-how-banking-will-change-in-the-future-619853,Banking
https://thefinancialbrand.com/93660/retail-banking-technology-digital-culture-talent-next-decade/,Banking
https://www.economist.com/finance-and-economics/2020/03/02/americas-central-bank-acts-to-offset-the-impact-of-covid-19,Banking
https://www.ft.com/content/c3297866-5b4c-11ea-b0ab-339c2307bcd4,Banking
https://www.fool.co.uk/investing/2020/03/04/is-the-lloyds-share-price-the-best-banking-bet-for-income-investors/,Banking
https://www.theregister.co.uk/2020/02/19/natwest_uk_domain_bafflement/,Banking
https://www.theguardian.com/business/2020/feb/25/digital-bank-revolut-becomes-uk-most-valuable-fintech-startup-cash-injection-airbnb-spotify,Banking
https://www.islandecho.co.uk/100million-of-fraud-stopped-through-bank-branch-rapid-response-scheme/,Banking
https://www.theguardian.com/money/2020/feb/23/scams-fraud-banking-co-operative-reforms-victims-refund,Banking
https://www.ft.com/content/c9287b12-58b9-11ea-abe5-8e03987b7b20,Banking
https://economictimes.indiatimes.com/industry/banking/finance/banking/bank-unions-announce-strike-on-march-27-to-oppose-bank-mergers/articleshow/74489644.cms,Banking
https://www.economist.com/finance-and-economics/2020/03/05/can-americas-banking-system-keep-cash-flowing-if-activity-dries-up,Banking
https://www.entrepreneur.com/article/222403,Banking
https://www.entrepreneur.com/article/58326,Corporate Law
https://www.entrepreneur.com/article/287677,Corporate Law
https://www.entrepreneur.com/article/236967,Corporate Law
https://www.entrepreneur.com/article/200516,Corporate Law
https://www.entrepreneur.com/article/220124,Corporate Law
https://www.entrepreneur.com/article/175364,Corporate Law
https://www.entrepreneur.com/article/311929,Corporate Law
https://www.entrepreneur.com/article/191778,Corporate Law
https://www.entrepreneur.com/article/250892,Corporate Law
https://www.entrepreneur.com/article/253997,Corporate Law
https://www.entrepreneur.com/article/14320,Corporate Law
https://www.entrepreneur.com/article/38822,Corporate Law
https://www.entrepreneur.com/article/269759,Corporate Law
https://www.entrepreneur.com/article/275346,Corporate Law
https://www.entrepreneur.com/article/295194,Corporate Law
https://www.entrepreneur.com/article/278613,Corporate Law
https://www.entrepreneur.com/article/342381,Corporate Law
https://www.entrepreneur.com/article/77966,Corporate Law
https://www.entrepreneur.com/article/254466,Corporate Law
https://www.entrepreneur.com/article/287676,Corporate Law
https://www.entrepreneur.com/article/230614,Corporate Law
https://www.entrepreneur.com/article/270913,Corporate Law
https://www.entrepreneur.com/article/275847,Corporate Law
https://www.entrepreneur.com/article/295593,Corporate Law
https://www.entrepreneur.com/article/338098,Corporate Law
https://www.entrepreneur.com/article/321167,Corporate Law
https://www.entrepreneur.com/article/306241,Corporate Law
https://www.entrepreneur.com/article/223311,Corporate Law
https://www.entrepreneur.com/article/296746,Corporate Law
https://www.entrepreneur.com/article/77730,Corporate Law
https://www.entrepreneur.com/article/35218,Corporate Law
https://www.entrepreneur.com/article/83646,Corporate Law
https://www.entrepreneur.com/article/247837,Corporate Law
https://www.entrepreneur.com/article/223290,Corporate Law
https://www.entrepreneur.com/article/311959,Corporate Law
https://www.entrepreneur.com/article/330557,Corporate Law
https://www.entrepreneur.com/article/233338,Corporate Law
https://www.entrepreneur.com/article/200034,Corporate Law
https://www.entrepreneur.com/article/16526,Corporate Law
https://www.entrepreneur.com/article/77980,Corporate Law
https://www.entrepreneur.com/article/283918,Corporate Law
https://www.entrepreneur.com/article/237164,Corporate Law
https://www.entrepreneur.com/article/309420,Corporate Law
https://www.entrepreneur.com/article/331376,Corporate Law
https://www.entrepreneur.com/article/236450,Corporate Law
https://www.entrepreneur.com/article/234654,Corporate Law
https://www.entrepreneur.com/article/273975,Corporate Law
https://www.entrepreneur.com/article/275700,Corporate Law
https://www.entrepreneur.com/article/305138,Corporate Law
https://www.shropshirestar.com/news/business/2020/03/05/law-firm-announces-new-senior-parter/,Corporate Law
https://www.malverngazette.co.uk/news/business/18257162.business-law-tough-times-need-calm-action/,Corporate Law
https://www.bmmagazine.co.uk/business/top-tips-to-find-the-best-commercial-law-solicitors-in-the-uk/,Corporate Law
https://www.droitwichadvertiser.co.uk/news/worcester_news/18224108.business-law-people-heart-business/,Corporate Law
https://www.mondaq.com/Nigeria/CorporateCommercial-Law/900792/Easy-Ways-To-Set-Up-A-Foreign-Owned-Business-Legally-In-Nigeria,Corporate Law
https://www.businessgreen.com/feature/4011157/courts-contracts-commercial-law-frontier-climate-action,Corporate Law
https://hbr.org/2020/03/what-are-companies-legal-obligations-around-coronavirus,Corporate Law
http://www.globallegalpost.com/big-stories/kpmg-launches-legal-services-business-in-thailand-as-asia-expansion-continues-50756210/,Corporate Law
https://www.npr.org/2020/03/05/811192459/a-push-to-get-more-women-on-corporate-boards-gains-momentum?t=1583439042761,Corporate Law
https://calvinayre.com/2020/03/05/press-releases/informative-fireside-chat-at-prague-gaming-summit-2020-with-dr-simon-planzer-planzer-law-and-justin-franssen-kalff-katz-franssen/,Corporate Law
https://llm-guide.com/articles/law-schools-realize-the-importance-of-a-business-mindset,Corporate Law
https://www.scotsman.com/business/alarm-bell-nine-businesses-face-corporate-criminal-law-probe-hmrc-1740418,Corporate Law
https://eu.knoxnews.com/story/news/crime/2020/02/29/knox-business-owners-disappointed-pro-business-law-ruling/4903083002/,Corporate Law
https://eu.tcpalm.com/story/life/community/2020/03/04/laws-differ-under-hoa-statutes-and-condominium-statutes/4939445002/,Corporate Law
https://mondaq.com/canada/CorporateCommercial-Law/898742/Accelerating-Business-Episode-2,Corporate Law
https://www.theguardian.com/business/2020/feb/23/public-service-private-contracts-how-serco-was-wired-into-our-future,Corporate Law
https://www.bmmagazine.co.uk/legal/how-to-avoid-litigation-contract-with-care/,Corporate Law
https://www.morningstar.com/news/dow-jones/202003045734/business-activity-in-february-contracts-fastest-since-2013-amid-coronavirus-epidemic,Corporate Law
https://www.yorkshireeveningpost.co.uk/business/leeds-law-firm-shulmans-be-acquired-knights-group-ps20m-deal-2072548,Corporate Law
https://www.britannica.com/topic/business-law,Corporate Law
https://insight.thomsonreuters.com.au/posts/business-development-for-law-firms,Corporate Law
https://www.americanbar.org/news/abanews/publications/youraba/2018/october-2018/how-to-be-a-better-lawyer-in-just-a-few-minutes-a-day/,Corporate Law
https://www.moorelegaltechnology.co.uk/insights/business-innovation-for-lawyers/top-10-ways-to-grow-your-law-firm-in-the-digital-age.html,Corporate Law
https://www.prospects.ac.uk/jobs-and-work-experience/job-sectors/law-sector/7-skills-for-a-successful-law-career,Corporate Law
https://blog.hubstaff.com/law-firm-business-development/,Corporate Law
https://www.entrepreneur.com/article/16846,Corporate Law
https://www.entrepreneur.com/article/290617,Finance
https://www.entrepreneur.com/article/330910,Finance
https://www.entrepreneur.com/article/314106,Finance
https://www.entrepreneur.com/article/247814,Finance
https://www.entrepreneur.com/article/343638,Finance
https://www.entrepreneur.com/article/341647,Finance
https://www.entrepreneur.com/article/199954,Finance
https://www.entrepreneur.com/article/237372,Finance
https://www.entrepreneur.com/article/295827,Finance
https://www.entrepreneur.com/article/250812,Finance
https://www.entrepreneur.com/article/319723,Finance
https://www.entrepreneur.com/article/236840,Finance
https://www.entrepreneur.com/article/229459,Finance
https://www.entrepreneur.com/article/320281,Finance
https://www.entrepreneur.com/article/330618,Finance
https://www.entrepreneur.com/article/291922,Finance
https://www.entrepreneur.com/article/218843,Finance
https://www.entrepreneur.com/article/72744,Finance
https://www.entrepreneur.com/article/332383,Finance
https://www.entrepreneur.com/article/177084,Finance
https://www.entrepreneur.com/article/232310,Finance
https://www.entrepreneur.com/article/343382,Finance
https://www.entrepreneur.com/article/190136,Finance
https://www.entrepreneur.com/article/81700,Finance
https://www.entrepreneur.com/article/248098,Finance
https://www.entrepreneur.com/article/228124,Finance
https://www.entrepreneur.com/article/250921,Finance
https://www.entrepreneur.com/article/236333,Finance
https://www.entrepreneur.com/article/347069,Finance
https://www.entrepreneur.com/article/330731,Finance
https://www.entrepreneur.com/article/311540,Finance
https://www.entrepreneur.com/article/207060,Finance
https://www.entrepreneur.com/article/324853,Finance
https://www.entrepreneur.com/article/187606,Finance
https://www.entrepreneur.com/article/343501,Finance
https://www.entrepreneur.com/article/252445,Finance
https://www.entrepreneur.com/article/244869,Finance
https://www.entrepreneur.com/article/272249,Finance
https://www.entrepreneur.com/article/166076,Finance
https://www.entrepreneur.com/article/204932,Finance
https://www.entrepreneur.com/article/277772,Finance
https://www.entrepreneur.com/article/281866,Finance
https://www.entrepreneur.com/article/79370,Finance
https://www.entrepreneur.com/article/290796,Finance
https://www.entrepreneur.com/article/339465,Finance
https://www.entrepreneur.com/article/36480,Finance
https://www.entrepreneur.com/article/26116,Finance
https://www.entrepreneur.com/article/252579,Finance
https://www.entrepreneur.com/article/272476,Finance
https://www.theguardian.com/environment/2020/mar/05/analysis-shows-climate-finance-not-reaching-most-vulnerable,Finance
https://www.p2pfinancenews.co.uk/2020/03/05/p2p-recognised-in-innovative-finances-women-in-fintech-powerlist/,Finance
https://renews.biz/58969/renewables-finance-course-runs-biannually-to-meet-demand/,Finance
https://www.bbc.co.uk/news/uk-scotland-scotland-politics-51741196,Finance
https://www.financialreporter.co.uk/later-life/lg-home-finance-becomes-first-later-life-lender-to-join-imla.html,Finance
https://www.mortgagesolutions.co.uk/news/2020/03/05/mortgage-lending-falls-for-first-time-since-2010-uk-finance/,Finance
https://www.coindesk.com/uk-finance-watchdog-warns-against-unauthorized-crypto-exchange-bitmex,Finance
https://www.morningstar.co.uk/uk/news/AN_1583399191859258900/smith--nephew-names-finance-vice-president-melling-as-interim-cfo.aspx,Finance
https://techcrunch.com/2020/03/05/emma-seed/?guccounter=1&guce_referrer=aHR0cHM6Ly93d3cuZ29vZ2xlLmNvbS8&guce_referrer_sig=AQAAAB5g8IgYj-N5QwRQaizVs2QiyvP4LMcaZE1Otvwv4s0M-aKq4OXUiyvfshORbWJwK4DWbVlWdi8HSYmnz9a6V9DRb9V7jR0WV1dnPSBTVrralB8oYkdn_fUJm_jzCtmw8TX3fFnwxljvVUQ47SNZJAea-JlxhjUHbPFsYOkKzuZw,Finance
https://www.bbc.co.uk/news/business-51720267,Finance
https://www.marketwatch.com/story/finance-trade-group-forecasts-weakest-global-growth-since-the-recession-2020-03-05,Finance
https://www.crainsdetroit.com/nonprofit/fledgling-code313-moves-space-quicken-loans-ja-finance-park,Finance
https://news.efinancialcareers.com/uk-en/3003311/coronavirus-contracts-finance-job-interviews,Finance
https://www.bbc.co.uk/news/business-51715025,Finance
https://www.globaltrademag.com/industry-advocacy-required-to-enable-trade-finance-market-access-and-growth/,Finance
https://www.pymnts.com/news/b2b-payments/2020/aussie-competition-finance-regs-collab-against-late-payments/,Finance
https://www.retailgazette.co.uk/blog/2020/03/bm-poaches-wilko-finance-boss-alex-russo-cfo/,Finance
https://www.workboat.com/blogs/maritime-matters/equipment-finance-helps-fuel-marine-industry-rebound-part-ii/,Finance
https://hamodia.com/2020/03/05/netanyahu-sunday-finance-minister-will-set-emergency-fund-assist-vital-businesses/,Finance
https://www.forbes.com/sites/ronshevlin/2020/03/02/the-next-revolution-in-personal-finance-the-financial-feed/#2dcc6d0b2fcf,Finance
https://techcrunch.com/2020/03/03/leap-finance-indian-students-loans/,Finance
https://www.bbc.co.uk/news/uk-scotland-scotland-politics-51741196,Finance
https://www.yorkpress.co.uk/news/18283362.aviva-reveals-financial-results/,Finance
https://news.err.ee/1060396/finance-minister-banks-have-to-better-justify-account-closures,Finance
https://www.theguardian.com/uk-news/2020/mar/05/poorest-20-no-better-off-than-in-200405-ons,Finance
https://www.independent.co.uk/news/world/americas/personal-finance-spending-money-average-income-us-bills-expenses-surver-a8928046.html,Finance
https://www.businessinsider.com/the-14-best-finance-stories-from-the-onion-2012-8?r=US&IR=T#13-goldman-sachs-hires-single-morally-decent-human-being-to-work-in-separate-enclosed-cubicle-2,Finance
https://www.marketwatch.com/story/10-most-popular-personal-finance-stories-of-2016-2016-12-27,Finance
https://www.themuse.com/advice/50-personal-finance-tips-that-will-change-the-way-you-think-about-money,Finance
https://www.boringmoney.co.uk/women-talk-finance/,Finance
https://eu.usatoday.com/story/news/politics/2020/03/05/coronavirus-funding-plan-heads-trump-after-package-clears-senate/4964092002/,Finance
https://www.clearpoint.org/blog/top-27-stories-of-life-after-debt-from-the-personal-finance-blogging-community/,Finance
https://www.3ds.com/stories/how-can-technology-shape-the-future/the-future-of-finance/,Finance
https://abnormalreturns.com/2019/02/11/how-many-unique-personal-finance-stories-are-there-really/,Finance
https://www.telegraph.co.uk/money/,Finance
https://www.thebusinessdesk.com/yorkshire/news/2052866-finance-broker-launches-division-for-growing-electric-vehicles-market,Finance
https://www.entrepreneur.com/article/312476,Finance
https://www.entrepreneur.com/article/284175,Ecommerce
https://www.entrepreneur.com/article/287828,Ecommerce
https://www.entrepreneur.com/article/325556,Ecommerce
https://www.entrepreneur.com/article/246223,Ecommerce
https://www.entrepreneur.com/article/287687,Ecommerce
https://www.entrepreneur.com/article/234131,Ecommerce
https://www.entrepreneur.com/article/333733,Ecommerce
https://www.entrepreneur.com/article/310151,Ecommerce
https://www.entrepreneur.com/article/282277,Ecommerce
https://www.entrepreneur.com/article/336205,Ecommerce
https://www.entrepreneur.com/article/345231,Ecommerce
https://www.entrepreneur.com/article/241268,Ecommerce
https://www.entrepreneur.com/article/338914,Ecommerce
https://www.entrepreneur.com/article/227940,Ecommerce
https://www.entrepreneur.com/article/284637,Ecommerce
https://www.entrepreneur.com/article/335120,Ecommerce
https://www.entrepreneur.com/article/280629,Ecommerce
https://www.entrepreneur.com/article/294248,Ecommerce
https://www.entrepreneur.com/article/328478,Ecommerce
https://www.entrepreneur.com/article/340574,Ecommerce
https://www.entrepreneur.com/article/239985,Ecommerce
https://www.entrepreneur.com/article/237090,Ecommerce
https://www.entrepreneur.com/article/227034,Ecommerce
https://www.entrepreneur.com/article/314414,Ecommerce
https://www.entrepreneur.com/article/251386,Ecommerce
https://www.entrepreneur.com/article/324643,Ecommerce
https://www.entrepreneur.com/article/248142,Ecommerce
https://www.entrepreneur.com/article/330933,Ecommerce
https://www.entrepreneur.com/article/227067,Ecommerce
https://www.entrepreneur.com/article/304906,Ecommerce
https://www.entrepreneur.com/article/239218,Ecommerce
https://www.entrepreneur.com/article/272162,Ecommerce
https://www.entrepreneur.com/article/288098,Ecommerce
https://www.entrepreneur.com/article/218991,Ecommerce
https://www.entrepreneur.com/article/236983,Ecommerce
https://www.entrepreneur.com/article/276735,Ecommerce
https://www.entrepreneur.com/article/237014,Ecommerce
https://www.entrepreneur.com/article/324952,Ecommerce
https://www.entrepreneur.com/article/344288,Ecommerce
https://www.entrepreneur.com/article/336210,Ecommerce
https://www.entrepreneur.com/article/286543,Ecommerce
https://www.entrepreneur.com/article/279688,Ecommerce
https://www.entrepreneur.com/article/306201,Ecommerce
https://www.entrepreneur.com/article/320656,Ecommerce
https://www.entrepreneur.com/article/295234,Ecommerce
https://www.entrepreneur.com/article/326764,Ecommerce
https://www.entrepreneur.com/article/223586,Ecommerce
https://www.entrepreneur.com/article/223586,Ecommerce
https://www.entrepreneur.com/article/275029,Ecommerce
https://www.entrepreneur.com/article/310376,Ecommerce
https://www.entrepreneur.com/article/344350,Ethics
https://www.entrepreneur.com/article/281226,Ethics
https://www.entrepreneur.com/article/311410,Ethics
https://www.entrepreneur.com/article/242247,Ethics
https://www.entrepreneur.com/article/244502,Ethics
https://www.entrepreneur.com/article/318965,Ethics
https://www.entrepreneur.com/article/282725,Ethics
https://www.entrepreneur.com/article/233978,Ethics
https://www.entrepreneur.com/article/290891,Ethics
https://www.entrepreneur.com/article/231356,Ethics
https://www.entrepreneur.com/article/224453,Ethics
https://www.entrepreneur.com/article/228265,Ethics
https://www.entrepreneur.com/article/240035,Ethics
https://www.entrepreneur.com/article/272746,Ethics
https://www.entrepreneur.com/article/281387,Ethics
https://www.entrepreneur.com/article/241581,Ethics
https://www.entrepreneur.com/article/276766,Ethics
https://www.entrepreneur.com/article/281396,Ethics
https://www.entrepreneur.com/article/251089,Ethics
https://www.entrepreneur.com/article/56740,Ethics
https://www.entrepreneur.com/article/313110,Ethics
https://www.entrepreneur.com/article/227961,Ethics
https://www.entrepreneur.com/article/232882,Ethics
https://www.entrepreneur.com/article/236327,Ethics
https://www.entrepreneur.com/article/277026,Ethics
https://www.entrepreneur.com/article/237320,Ethics
https://www.entrepreneur.com/article/230220,Ethics
https://www.entrepreneur.com/article/234918,Ethics
https://www.entrepreneur.com/article/225812,Ethics
https://www.entrepreneur.com/article/315506,Ethics
https://www.entrepreneur.com/article/227378,Ethics
https://www.entrepreneur.com/article/229378,Ethics
https://www.entrepreneur.com/article/225812,Ethics
https://www.entrepreneur.com/article/315506,Ethics
https://www.entrepreneur.com/article/227378,Ethics
https://www.entrepreneur.com/article/276437,Ethics
https://www.entrepreneur.com/article/226122,Ethics
https://www.entrepreneur.com/article/335832,Ethics
https://www.entrepreneur.com/article/225470,Ethics
https://www.entrepreneur.com/article/270336,Ethics
https://www.entrepreneur.com/article/235387,Ethics
https://www.entrepreneur.com/article/226757,Ethics
https://www.entrepreneur.com/article/327202,Ethics
https://www.entrepreneur.com/article/241924,Ethics
https://www.entrepreneur.com/article/307186,Ethics
https://www.entrepreneur.com/article/284094,Ethics
https://www.entrepreneur.com/article/307186,Ethics
https://www.entrepreneur.com/article/284094,Ethics
https://www.investopedia.com/terms/b/business-ethics.asp,Ethics
https://managementhelp.org/businessethics/index.htm,Ethics
https://hbr.org/1993/05/whats-the-matter-with-business-ethics,Ethics
https://www.tutor2u.net/business/reference/business-ethics-introduction,Ethics
https://www.forbes.com/sites/bruceweinstein/2017/10/31/whats-the-difference-between-ethics-and-business-ethics/#26926b925428,Ethics
https://businesscasestudies.co.uk/business-ethics-and-corporate-social-responsibility/,Ethics
https://www.thestreet.com/personal-finance/what-is-business-ethics-15026364,Ethics
https://www.theguardian.com/environment/2020/feb/29/50-ways-to-green-up-your-life-save-the-planet,Ethics
https://josephsononbusinessethics.com/2010/12/12-ethical-principles-for-business-executives/,Ethics
https://www.bbvaopenmind.com/en/articles/a-history-of-business-ethics/,Ethics
https://www.projectmanager.com/training/business-ethics-101,Ethics
https://app.croneri.co.uk/topics/business-ethics/quickfacts,Ethics
https://www.universalclass.com/articles/business/a-look-at-business-ethics.htm,Ethics
https://smallbusiness.chron.com/six-characteristics-ethical-business-22401.html,Ethics
https://www.mbda-systems.com/about-us/business-ethics/business-ethics-policy/,Ethics
https://workplaceinsight.net/business-ethics-and-morality-have-their-limitations-new-analysis-suggests/,Ethics
https://www.scu.edu/ethics/focus-areas/business-ethics/resources/what-is-business-ethics/,Ethics
https://blog.iese.edu/ethics/2015/07/09/why-is-it-hard-to-be-ethical-in-business/,Ethics
https://edwardlowe.org/why-you-need-good-business-ethics/,Ethics
https://www.bizjournals.com/nashville/news/2020/02/06/business-ethics-is-so-easy-or-is-it-5-steps.html,Ethics
https://www.udemy.com/blog/business-ethics-examples/,Ethics
https://www.kbc.com/en/corporate-sustainability/behaving-responsibly-and-ethically-at-kbc/business-ethics.html,Ethics
https://www.radissonhospitalityab.com/about-us/our-code-business-ethics,Ethics
https://www.entrepreneur.com/article/245839,Ethics
https://www.entrepreneur.com/article/334898,Ethics
https://www.entrepreneur.com/article/320763,Human Resource
https://www.entrepreneur.com/article/325715,Human Resource
https://www.entrepreneur.com/article/312696,Human Resource
https://www.entrepreneur.com/article/296700,Human Resource
https://www.entrepreneur.com/article/217866,Human Resource
https://www.entrepreneur.com/article/337228,Human Resource
https://www.entrepreneur.com/article/285419,Human Resource
https://www.entrepreneur.com/article/334180,Human Resource
https://www.entrepreneur.com/article/250205,Human Resource
https://www.entrepreneur.com/article/343649,Human Resource
https://www.entrepreneur.com/article/235797,Human Resource
https://www.entrepreneur.com/article/326015,Human Resource
https://www.entrepreneur.com/article/335874,Human Resource
https://www.entrepreneur.com/article/283311,Human Resource
https://www.entrepreneur.com/article/236452,Human Resource
https://www.entrepreneur.com/article/312894,Human Resource
https://www.entrepreneur.com/article/323760,Human Resource
https://www.entrepreneur.com/article/279916,Human Resource
https://www.entrepreneur.com/article/323711,Human Resource
https://www.entrepreneur.com/article/241347,Human Resource
https://www.entrepreneur.com/article/299050,Human Resource
https://www.entrepreneur.com/article/323137,Human Resource
https://www.entrepreneur.com/article/303704,Human Resource
https://www.entrepreneur.com/article/247932,Human Resource
https://www.entrepreneur.com/article/241697,Human Resource
https://www.entrepreneur.com/article/323617,Human Resource
https://www.entrepreneur.com/article/332382,Human Resource
https://www.entrepreneur.com/article/254176,Human Resource
https://www.entrepreneur.com/article/287114,Human Resource
https://www.entrepreneur.com/article/254137,Human Resource
https://www.entrepreneur.com/article/276830,Human Resource
https://www.entrepreneur.com/article/333102,Human Resource
https://www.entrepreneur.com/article/76982,Human Resource
https://www.entrepreneur.com/article/292625,Human Resource
https://www.entrepreneur.com/article/331073,Human Resource
https://www.entrepreneur.com/article/289942,Human Resource
https://www.entrepreneur.com/article/294722,Human Resource
https://www.entrepreneur.com/article/292280,Human Resource
https://www.entrepreneur.com/article/306892,Human Resource
https://www.entrepreneur.com/article/312609,Human Resource
https://www.entrepreneur.com/article/246700,Human Resource
https://www.entrepreneur.com/article/273546,Human Resource
https://www.entrepreneur.com/article/249586,Human Resource
https://www.entrepreneur.com/article/338901,Human Resource
https://www.entrepreneur.com/article/237023,Human Resource
https://www.entrepreneur.com/article/339504,Human Resource
https://www.entrepreneur.com/article/253346,Human Resource
https://www.entrepreneur.com/article/321880,Human Resource
https://www.entrepreneur.com/article/245848,Human Resource
https://www.entrepreneur.com/article/313532,Human Resource
https://www.entrepreneur.com/article/244995,Insurance
https://www.entrepreneur.com/article/201554,Insurance
https://www.entrepreneur.com/article/241026,Insurance
https://www.entrepreneur.com/article/334522,Insurance
https://www.entrepreneur.com/article/327024,Insurance
https://www.entrepreneur.com/article/252090,Insurance
https://www.entrepreneur.com/article/328674,Insurance
https://www.entrepreneur.com/article/252429,Insurance
https://www.entrepreneur.com/article/273768,Insurance
https://www.entrepreneur.com/article/327506,Insurance
https://www.entrepreneur.com/article/254276,Insurance
https://www.entrepreneur.com/article/309907,Insurance
https://www.entrepreneur.com/article/285877,Insurance
https://www.entrepreneur.com/article/56068,Insurance
https://www.entrepreneur.com/article/225927,Insurance
https://www.entrepreneur.com/article/338940,Insurance
https://www.entrepreneur.com/article/247887,Insurance
https://www.entrepreneur.com/article/223690,Insurance
https://www.entrepreneur.com/article/227796,Insurance
https://www.entrepreneur.com/article/224982,Insurance
https://www.entrepreneur.com/article/318106,Insurance
https://www.entrepreneur.com/article/332571,Insurance
https://www.entrepreneur.com/article/340297,Insurance
https://www.entrepreneur.com/article/285252,Insurance
https://www.entrepreneur.com/article/300610,Insurance
https://www.entrepreneur.com/article/342501,Insurance
https://www.entrepreneur.com/article/309370,Insurance
https://www.entrepreneur.com/article/285061,Insurance
https://www.entrepreneur.com/article/325021,Insurance
https://www.entrepreneur.com/article/217399,Insurance
https://www.entrepreneur.com/article/250095,Insurance
https://www.entrepreneur.com/article/220125,Insurance
https://www.entrepreneur.com/article/168504,Insurance
https://www.entrepreneur.com/article/288063,Insurance
https://www.entrepreneur.com/article/335062,Insurance
https://www.entrepreneur.com/article/330221,Insurance
https://www.entrepreneur.com/article/321029,Insurance
https://www.entrepreneur.com/article/226687,Insurance
https://www.entrepreneur.com/article/244868,Insurance
https://www.entrepreneur.com/article/246917,Insurance
https://www.entrepreneur.com/article/38900,Insurance
https://www.entrepreneur.com/article/31682,Insurance
https://www.entrepreneur.com/article/315418,Insurance
https://www.entrepreneur.com/article/294272,Insurance
https://www.entrepreneur.com/article/281636,Insurance
https://www.entrepreneur.com/article/47570,Insurance
https://www.entrepreneur.com/article/331357,Insurance
https://www.entrepreneur.com/article/235355,Insurance
https://www.entrepreneur.com/article/306690,Insurance
https://www.entrepreneur.com/article/80158,Insurance
https://www.entrepreneur.com/article/315095,Investing
https://www.entrepreneur.com/article/336840,Investing
https://www.entrepreneur.com/article/303429,Investing
https://www.entrepreneur.com/article/236275,Investing
https://www.entrepreneur.com/article/288456,Investing
https://www.entrepreneur.com/article/242048,Investing
https://www.entrepreneur.com/article/345748,Investing
https://www.entrepreneur.com/article/345821,Investing
https://www.entrepreneur.com/article/341491,Investing
https://www.entrepreneur.com/article/52742,Investing
https://www.entrepreneur.com/article/331035,Investing
https://www.entrepreneur.com/article/206186,Investing
https://www.entrepreneur.com/article/339935,Investing
https://www.entrepreneur.com/article/307585,Investing
https://www.entrepreneur.com/article/303848,Investing
https://www.entrepreneur.com/article/320422,Investing
https://www.entrepreneur.com/article/234536,Investing
https://www.entrepreneur.com/article/316972,Investing
https://www.entrepreneur.com/article/346672,Investing
https://www.entrepreneur.com/article/333650,Investing
https://www.entrepreneur.com/article/293285,Investing
https://www.entrepreneur.com/article/344477,Investing
https://www.entrepreneur.com/article/310680,Investing
https://www.entrepreneur.com/article/239729,Investing
https://www.entrepreneur.com/article/344138,Investing
https://www.entrepreneur.com/article/60518,Investing
https://www.entrepreneur.com/article/325852,Investing
https://www.entrepreneur.com/article/326062,Investing
https://www.entrepreneur.com/article/283946,Investing
https://www.entrepreneur.com/article/252936,Investing
https://www.entrepreneur.com/article/344206,Investing
https://www.entrepreneur.com/article/329594,Investing
https://www.entrepreneur.com/article/309555,Investing
https://www.entrepreneur.com/article/319822,Investing
https://www.entrepreneur.com/article/236277,Investing
https://www.entrepreneur.com/article/295530,Investing
https://www.entrepreneur.com/article/324044,Investing
https://www.entrepreneur.com/article/269590,Investing
https://www.entrepreneur.com/article/334646,Investing
https://www.entrepreneur.com/article/342672,Investing
https://www.entrepreneur.com/article/281173,Investing
https://www.entrepreneur.com/article/344029,Investing
https://www.entrepreneur.com/article/282563,Investing
https://www.entrepreneur.com/article/293159,Investing
https://www.entrepreneur.com/article/229280,Investing
https://www.entrepreneur.com/article/340237,Investing
https://www.entrepreneur.com/article/275842,Investing
https://www.entrepreneur.com/article/236999,Investing
https://www.moneysavingexpert.com/savings/investment-beginners/,Investing
https://www.moneyadviceservice.org.uk/en/articles/popular-investments-at-a-glance,Investing
https://www.forbes.com/sites/jrose/2018/12/27/best-investments-2019/#7faaf8de69bc,Investing
https://www.hl.co.uk/funds/investing-in-funds,Investing
https://www.hl.co.uk/beginners-guides/investing,Investing
https://www.investopedia.com/articles/basics/06/invest1000.asp,Investing
https://www.moneywise.co.uk/investing/beginner-investor/expert-investment-tips-ps50-ps50000,Investing
https://www.moneycrashers.com/stock-market-investing-tips-guide-checklist/,Investing
https://www.nerdwallet.com/blog/investing/stock-investing-tips/,Investing
https://www.lifehack.org/410034/10-investment-tips-for-beginners,Investing
https://www.fool.co.uk/investing/2020/01/30/5-top-investment-tips-from-the-fundsmith-annual-letter/,Investing
https://www.moneyunder30.com/start-investing-with-little-money,Investing
https://www.rw-invest.com/top-10-tips-for-getting-started-in-property-investment/,Investing
https://www.briantracy.com/blog/financial-success/how-to-invest-and-make-more-money-10-practical-tips-and-financial-advice-from-successful-investors/,Investing
http://promarketwizards.com/warren-buffetts-investment-tips/,Investing
https://www.simplysafedividends.com/intelligent-income/posts/37-top-10-pieces-of-investment-advice-from-warren-buffett,Investing
https://www.ruleoneinvesting.com/blog/how-to-invest/how-to-invest-money/,Investing
https://www.which.co.uk/money/investing/how-investing-works/investing--the-basics/five-tips-for-new-investors-a54w29c7g0l1,Investing
https://www.entrepreneur.com/article/343538,Investing
https://www.entrepreneur.com/article/274523,Investing
https://www.entrepreneur.com/article/344358,Logistics
https://www.entrepreneur.com/article/278546,Logistics
https://www.entrepreneur.com/article/335794,Logistics
https://www.entrepreneur.com/article/344567,Logistics
https://www.entrepreneur.com/article/328258,Logistics
https://www.entrepreneur.com/article/336077,Logistics
https://www.entrepreneur.com/article/317189,Logistics
https://www.entrepreneur.com/article/339705,Logistics
https://www.entrepreneur.com/article/296858,Logistics
https://www.entrepreneur.com/article/290496,Logistics
https://www.entrepreneur.com/article/297064,Logistics
https://www.entrepreneur.com/article/329908,Logistics
https://www.entrepreneur.com/article/345825,Logistics
https://www.entrepreneur.com/article/329946,Logistics
https://www.entrepreneur.com/article/321080,Logistics
https://www.entrepreneur.com/article/291938,Logistics
https://www.entrepreneur.com/article/333609,Logistics
https://www.entrepreneur.com/article/331868,Logistics
https://www.entrepreneur.com/article/341246,Logistics
https://www.entrepreneur.com/article/320154,Logistics
https://www.entrepreneur.com/article/283697,Logistics
https://www.entrepreneur.com/article/325728,Logistics
https://www.entrepreneur.com/article/281642,Logistics
https://www.entrepreneur.com/article/271420,Logistics
https://www.entrepreneur.com/article/311736,Logistics
https://www.entrepreneur.com/article/311194,Logistics
https://www.entrepreneur.com/article/298485,Logistics
https://www.entrepreneur.com/article/251880,Logistics
https://www.entrepreneur.com/article/339322,Logistics
https://www.entrepreneur.com/article/312982,Logistics
https://www.entrepreneur.com/article/332014,Logistics
https://www.entrepreneur.com/article/269639,Logistics
https://www.entrepreneur.com/article/278781,Logistics
https://www.entrepreneur.com/article/220688,Logistics
https://www.entrepreneur.com/article/332362,Logistics
https://www.entrepreneur.com/article/299337,Logistics
https://www.entrepreneur.com/article/336979,Logistics
https://www.entrepreneur.com/article/342136,Logistics
https://www.entrepreneur.com/article/336435,Logistics
https://www.entrepreneur.com/article/335002,Logistics
https://www.entrepreneur.com/article/317583,Logistics
https://www.entrepreneur.com/article/245549,Logistics
https://www.entrepreneur.com/article/335361,Logistics
https://www.entrepreneur.com/article/343873,Logistics
https://www.entrepreneur.com/article/292904,Logistics
https://www.entrepreneur.com/article/296718,Logistics
https://www.entrepreneur.com/article/313964,Logistics
https://www.entrepreneur.com/article/287154,Logistics
https://www.entrepreneur.com/article/237758,Logistics
https://www.entrepreneur.com/article/306706,Logistics
https://www.entrepreneur.com/article/70824,Marketing
https://www.entrepreneur.com/article/345577,Marketing
https://www.entrepreneur.com/article/249306,Marketing
https://www.entrepreneur.com/article/286082,Marketing
https://www.entrepreneur.com/article/269923,Marketing
https://www.entrepreneur.com/article/296253,Marketing
https://www.entrepreneur.com/article/296585,Marketing
https://www.entrepreneur.com/article/288931,Marketing
https://www.entrepreneur.com/article/286171,Marketing
https://www.entrepreneur.com/article/248780,Marketing
https://www.entrepreneur.com/article/297515,Marketing
https://www.entrepreneur.com/article/294162,Marketing
https://www.entrepreneur.com/article/338303,Marketing
https://www.entrepreneur.com/article/280692,Marketing
https://www.entrepreneur.com/article/284271,Marketing
https://www.entrepreneur.com/article/280964,Marketing
https://www.entrepreneur.com/article/345280,Marketing
https://www.entrepreneur.com/article/250745,Marketing
https://www.entrepreneur.com/article/344310,Marketing
https://www.entrepreneur.com/article/328567,Marketing
https://www.entrepreneur.com/article/35744,Marketing
https://www.entrepreneur.com/article/242799,Marketing
https://www.entrepreneur.com/article/291042,Marketing
https://www.entrepreneur.com/article/344399,Marketing
https://www.entrepreneur.com/article/299335,Marketing
https://www.entrepreneur.com/article/346448,Marketing
https://www.entrepreneur.com/article/217578,Marketing
https://www.entrepreneur.com/article/247299,Marketing
https://www.entrepreneur.com/article/228328,Marketing
https://www.entrepreneur.com/article/311384,Marketing
https://www.entrepreneur.com/article/346388,Marketing
https://www.entrepreneur.com/article/280707,Marketing
https://www.entrepreneur.com/article/282451,Marketing
https://www.entrepreneur.com/article/283594,Marketing
https://www.entrepreneur.com/article/344907,Marketing
https://www.entrepreneur.com/article/217345,Marketing
https://www.entrepreneur.com/article/307083,Marketing
https://www.entrepreneur.com/article/304185,Marketing
https://www.entrepreneur.com/article/335779,Marketing
https://www.entrepreneur.com/article/333697,Marketing
https://www.entrepreneur.com/article/346616,Marketing
https://www.entrepreneur.com/article/287821,Marketing
https://www.entrepreneur.com/article/300681,Marketing
https://www.entrepreneur.com/article/300290,Marketing
https://www.entrepreneur.com/article/345576,Marketing
https://www.entrepreneur.com/article/300059,Marketing
https://www.entrepreneur.com/article/278923,Marketing
https://blog.hubspot.com/marketing/what-is-marketing,Marketing
https://marketinginsidergroup.com/strategy/what-is-marketing/,Marketing
https://www.thebalancesmb.com/what-is-marketing-2296057,Marketing
https://entrepreneurhandbook.co.uk/what-is-marketing/,Marketing
https://www.investopedia.com/terms/m/marketing.asp,Marketing
https://www.wordstream.com/blog/ws/2018/12/31/top-marketing-strategies-2018,Marketing
https://www.prospects.ac.uk/careers-advice/what-can-i-do-with-my-degree/marketing,Marketing
https://www.cyberclick.es/en/marketing,Marketing
https://www.smartinsights.com/digital-marketing-strategy/,Marketing
https://www.forbes.com/sites/joshsteimle/2014/09/19/what-is-content-marketing/#6393b1b410b9,Marketing
https://www.oberlo.com/blog/how-to-market-a-product,Marketing
https://smallbusiness.co.uk/the-essential-guide-to-small-business-marketing-2542147/,Marketing
https://www.quicksprout.com/the-beginners-guide-to-online-marketing/,Marketing
https://buffer.com/social-media-marketing,Marketing
https://www.singlegrain.com/digital-marketing/digital-marketing-trends-2020/,Marketing
https://sproutsocial.com/insights/influencer-marketing/,Marketing
https://www.ama.org/the-definition-of-marketing-what-is-marketing/,Marketing
https://blog.hootsuite.com/target-market/,Marketing
https://www.business2community.com/marketing/why-is-marketing-important-9-reasons-why-you-really-do-need-it-02186221,Marketing
https://movingtargets.com/blog/business-marketing/why-marketing-is-so-important/,Marketing
https://www.digitalmarketer.com/digital-marketing/,Marketing
https://www.rasmussen.edu/degrees/business/blog/what-do-marketers-do/,Marketing
https://blog.taboola.com/introductory-guide-performance-marketing/,Marketing
https://contentmarketinginstitute.com/what-is-content-marketing/,Marketing
https://www.searchenginejournal.com/content-marketing-vs-content-strategy/349392/,Marketing
https://www.drift.com/conversational-marketing/,Marketing
https://www.entrepreneur.com/article/246769,Marketing
https://www.entrepreneur.com/article/244828,Marketing
https://www.entrepreneur.com/article/342397,Marketing
https://www.entrepreneur.com/article/248732,Negotiation
https://www.entrepreneur.com/article/253074,Negotiation
https://www.entrepreneur.com/article/203168,Negotiation
https://www.entrepreneur.com/article/321120,Negotiation
https://www.entrepreneur.com/article/226009,Negotiation
https://www.entrepreneur.com/article/246159,Negotiation
https://www.entrepreneur.com/article/340003,Negotiation
https://www.entrepreneur.com/article/239382,Negotiation
https://www.entrepreneur.com/article/253732,Negotiation
https://www.entrepreneur.com/article/317981,Negotiation
https://www.entrepreneur.com/article/283625,Negotiation
https://www.entrepreneur.com/article/76894,Negotiation
https://www.entrepreneur.com/article/233248,Negotiation
https://www.entrepreneur.com/article/302412,Negotiation
https://www.entrepreneur.com/article/284836,Negotiation
https://www.entrepreneur.com/article/295656,Negotiation
https://www.entrepreneur.com/article/241934,Negotiation
https://www.entrepreneur.com/article/285071,Negotiation
https://www.entrepreneur.com/article/332498,Negotiation
https://www.entrepreneur.com/article/337230,Negotiation
https://www.entrepreneur.com/article/248572,Negotiation
https://www.entrepreneur.com/article/307780,Negotiation
https://www.entrepreneur.com/article/312685,Negotiation
https://www.entrepreneur.com/article/316612,Negotiation
https://www.entrepreneur.com/article/203644,Negotiation
https://www.entrepreneur.com/article/244670,Negotiation
https://www.entrepreneur.com/article/289595,Negotiation
https://www.entrepreneur.com/article/237549,Negotiation
https://www.entrepreneur.com/article/313665,Negotiation
https://www.entrepreneur.com/article/254803,Negotiation
https://www.entrepreneur.com/article/287342,Negotiation
https://www.entrepreneur.com/article/306857,Negotiation
https://www.entrepreneur.com/article/165944,Negotiation
https://www.entrepreneur.com/article/331474,Negotiation
https://www.entrepreneur.com/article/305613,Negotiation
https://www.entrepreneur.com/article/333605,Negotiation
https://www.entrepreneur.com/article/325188,Negotiation
https://www.entrepreneur.com/article/283418,Negotiation
https://www.entrepreneur.com/article/233773,Negotiation
https://www.entrepreneur.com/article/21354,Negotiation
https://www.entrepreneur.com/article/223430,Negotiation
https://www.entrepreneur.com/article/234071,Negotiation
https://www.entrepreneur.com/article/251693,Negotiation
https://www.entrepreneur.com/article/306057,Negotiation
https://www.entrepreneur.com/article/229912,Negotiation
https://www.entrepreneur.com/article/332200,Negotiation
https://www.entrepreneur.com/article/332076,Negotiation
https://www.entrepreneur.com/article/225537,Negotiation
https://www.entrepreneur.com/article/283935,Negotiation
https://www.entrepreneur.com/article/292330,Negotiation
https://www.entrepreneur.com/article/298748,Real Estate
https://www.entrepreneur.com/article/296937,Real Estate
https://www.entrepreneur.com/article/272845,Real Estate
https://www.entrepreneur.com/article/248350,Real Estate
https://www.entrepreneur.com/article/250677,Real Estate
https://www.entrepreneur.com/article/344138,Real Estate
https://www.entrepreneur.com/article/304860,Real Estate
https://www.entrepreneur.com/article/196042,Real Estate
https://www.entrepreneur.com/article/293724,Real Estate
https://www.entrepreneur.com/article/281743,Real Estate
https://www.entrepreneur.com/article/278263,Real Estate
https://www.entrepreneur.com/article/304577,Real Estate
https://www.entrepreneur.com/article/293778,Real Estate
https://www.entrepreneur.com/article/228506,Real Estate
https://www.entrepreneur.com/article/343538,Real Estate
https://www.entrepreneur.com/article/42608,Real Estate
https://www.entrepreneur.com/article/333079,Real Estate
https://www.entrepreneur.com/article/331627,Real Estate
https://www.entrepreneur.com/article/319822,Real Estate
https://www.entrepreneur.com/article/232717,Real Estate
https://www.entrepreneur.com/article/344247,Real Estate
https://www.entrepreneur.com/article/324398,Real Estate
https://www.entrepreneur.com/article/319613,Real Estate
https://www.entrepreneur.com/article/253732,Real Estate
https://www.entrepreneur.com/article/336981,Real Estate
https://www.entrepreneur.com/article/285911,Real Estate
https://www.entrepreneur.com/article/346040,Real Estate
https://www.entrepreneur.com/article/285242,Real Estate
https://www.entrepreneur.com/article/344093,Real Estate
https://www.entrepreneur.com/article/335597,Real Estate
https://www.entrepreneur.com/article/338283,Real Estate
https://www.entrepreneur.com/article/296913,Real Estate
https://www.entrepreneur.com/article/270050,Real Estate
https://www.entrepreneur.com/article/251555,Real Estate
https://www.entrepreneur.com/article/331640,Real Estate
https://www.entrepreneur.com/article/281331,Real Estate
https://www.entrepreneur.com/article/205762,Real Estate
https://www.entrepreneur.com/article/251849,Real Estate
https://www.entrepreneur.com/article/343578,Real Estate
https://www.entrepreneur.com/article/297110,Real Estate
https://www.entrepreneur.com/article/294803,Real Estate
https://www.entrepreneur.com/article/290260,Real Estate
https://www.entrepreneur.com/article/292679,Real Estate
https://www.entrepreneur.com/article/250976,Real Estate
https://www.entrepreneur.com/article/312395,Real Estate
https://www.entrepreneur.com/article/332437,Real Estate
https://www.entrepreneur.com/article/327772,Real Estate
https://www.entrepreneur.com/article/286923,Real Estate
https://www.entrepreneur.com/article/338649,Real Estate
https://www.entrepreneur.com/article/222440,Real Estate
https://www.entrepreneur.com/article/296526,Sales
https://www.entrepreneur.com/article/222521,Sales
https://www.entrepreneur.com/article/245730,Sales
https://www.entrepreneur.com/article/316470,Sales
https://www.entrepreneur.com/article/275645,Sales
https://www.entrepreneur.com/article/316614,Sales
https://www.entrepreneur.com/article/281991,Sales
https://www.entrepreneur.com/article/318785,Sales
https://www.entrepreneur.com/article/279071,Sales
https://www.entrepreneur.com/article/253320,Sales
https://www.entrepreneur.com/article/250289,Sales
https://www.entrepreneur.com/article/284271,Sales
https://www.entrepreneur.com/article/53856,Sales
https://www.entrepreneur.com/article/77674,Sales
https://www.entrepreneur.com/article/325923,Sales
https://www.entrepreneur.com/article/286996,Sales
https://www.entrepreneur.com/article/346827,Sales
https://www.entrepreneur.com/article/335779,Sales
https://www.entrepreneur.com/article/342206,Sales
https://www.entrepreneur.com/article/207016,Sales
https://www.entrepreneur.com/article/191978,Sales
https://www.entrepreneur.com/article/345158,Sales
https://www.entrepreneur.com/article/345819,Sales
https://www.entrepreneur.com/article/308181,Sales
https://www.entrepreneur.com/article/65972,Sales
https://www.entrepreneur.com/article/345197,Sales
https://www.entrepreneur.com/article/345856,Sales
https://www.entrepreneur.com/article/346475,Sales
https://www.entrepreneur.com/article/245467,Sales
https://www.entrepreneur.com/article/249020,Sales
https://www.entrepreneur.com/article/70834,Sales
https://www.entrepreneur.com/article/306739,Sales
https://www.entrepreneur.com/article/220592,Sales
https://www.entrepreneur.com/article/344874,Sales
https://www.entrepreneur.com/article/233001,Sales
https://www.entrepreneur.com/article/337469,Sales
https://www.entrepreneur.com/article/238526,Sales
https://www.entrepreneur.com/article/285932,Sales
https://www.entrepreneur.com/article/235829,Sales
https://www.entrepreneur.com/article/281672,Sales
https://www.entrepreneur.com/article/307049,Sales
https://www.entrepreneur.com/article/345056,Sales
https://www.entrepreneur.com/article/310455,Sales
https://www.entrepreneur.com/article/314261,Sales
https://www.entrepreneur.com/article/293621,Sales
https://www.entrepreneur.com/article/317934,Sales
https://www.entrepreneur.com/article/229899,Sales
https://www.entrepreneur.com/article/276789,Sales
https://www.entrepreneur.com/article/286554,Sales
https://www.entrepreneur.com/article/159546,Sales
https://www.entrepreneur.com/article/288769,Startup
https://www.entrepreneur.com/article/322407,Startup
https://www.entrepreneur.com/article/297515,Startup
https://www.entrepreneur.com/article/243383,Startup
https://www.entrepreneur.com/article/323405,Startup
https://www.entrepreneur.com/article/324308,Startup
https://www.entrepreneur.com/article/284271,Startup
https://www.entrepreneur.com/article/346065,Startup
https://www.entrepreneur.com/article/346185,Startup
https://www.entrepreneur.com/article/345547,Startup
https://www.entrepreneur.com/article/253997,Startup
https://www.entrepreneur.com/article/324308,Startup
https://www.entrepreneur.com/article/284271,Startup
https://www.entrepreneur.com/article/346065,Startup
https://www.entrepreneur.com/article/346185,Startup
https://www.entrepreneur.com/article/345547,Startup
https://www.entrepreneur.com/article/253997,Startup
https://www.entrepreneur.com/article/279146,Startup
https://www.entrepreneur.com/article/270598,Startup
https://www.entrepreneur.com/article/345814,Startup
https://www.entrepreneur.com/article/315460,Startup
https://www.entrepreneur.com/article/330049,Startup
https://www.entrepreneur.com/article/308571,Startup
https://www.entrepreneur.com/article/290617,Startup
https://www.entrepreneur.com/article/345870,Startup
https://www.entrepreneur.com/article/345870,Startup
https://www.entrepreneur.com/article/321095,Startup
https://www.entrepreneur.com/article/331489,Startup
https://www.entrepreneur.com/article/249315,Startup
https://www.entrepreneur.com/article/317866,Startup
https://www.entrepreneur.com/article/234094,Startup
https://www.entrepreneur.com/article/305843,Startup
https://www.entrepreneur.com/article/344591,Startup
https://www.entrepreneur.com/article/306996,Startup
https://www.entrepreneur.com/article/294113,Startup
https://www.entrepreneur.com/article/282828,Startup
https://www.entrepreneur.com/article/254442,Startup
https://www.entrepreneur.com/article/250974,Startup
https://www.entrepreneur.com/article/286731,Startup
https://www.entrepreneur.com/article/280646,Startup
https://www.entrepreneur.com/article/229461,Startup
https://www.entrepreneur.com/article/307924,Startup
https://www.entrepreneur.com/article/320508,Startup
https://www.entrepreneur.com/article/337911,Startup
https://www.entrepreneur.com/article/250448,Startup
https://www.entrepreneur.com/article/345873,Startup
https://www.entrepreneur.com/article/240848,Startup
https://www.entrepreneur.com/article/292172,Startup
https://www.entrepreneur.com/article/232804,Startup
https://www.entrepreneur.com/article/283320,Startup
https://www.entrepreneur.com/article/327513,Technology
https://www.entrepreneur.com/article/315048,Technology
https://www.entrepreneur.com/article/343986,Technology
https://www.entrepreneur.com/article/313774,Technology
https://www.entrepreneur.com/article/345868,Technology
https://www.entrepreneur.com/article/248741,Technology
https://www.entrepreneur.com/article/314961,Technology
https://www.entrepreneur.com/article/343449,Technology
https://www.entrepreneur.com/article/319952,Technology
https://www.entrepreneur.com/article/289293,Technology
https://www.entrepreneur.com/article/234841,Technology
https://www.entrepreneur.com/article/344195,Technology
https://www.entrepreneur.com/article/329828,Technology
https://www.entrepreneur.com/article/274070,Technology
https://www.entrepreneur.com/article/346722,Technology
https://www.entrepreneur.com/article/335255,Technology
https://www.entrepreneur.com/article/343616,Technology
https://www.entrepreneur.com/article/254636,Technology
https://www.entrepreneur.com/article/271391,Technology
https://www.entrepreneur.com/article/338514,Technology
https://www.entrepreneur.com/article/229890,Technology
https://www.entrepreneur.com/article/269501,Technology
https://www.entrepreneur.com/article/245458,Technology
https://www.entrepreneur.com/article/298925,Technology
https://www.entrepreneur.com/article/315460,Technology
https://www.entrepreneur.com/article/277726,Technology
https://www.entrepreneur.com/article/311409,Technology
https://www.entrepreneur.com/article/283345,Technology
https://www.entrepreneur.com/article/346422,Technology
https://www.entrepreneur.com/article/346162,Technology
https://www.entrepreneur.com/article/317134,Technology
https://www.entrepreneur.com/article/288389,Technology
https://www.entrepreneur.com/article/283601,Technology
https://www.entrepreneur.com/article/275078,Technology
https://www.entrepreneur.com/article/344235,Technology
https://www.entrepreneur.com/article/314789,Technology
https://www.entrepreneur.com/article/304155,Technology
https://www.entrepreneur.com/article/285273,Technology
https://www.entrepreneur.com/article/345775,Technology
https://www.entrepreneur.com/article/344891,Technology
https://www.entrepreneur.com/article/307526,Technology
https://www.entrepreneur.com/article/289857,Technology
https://www.entrepreneur.com/article/321516,Technology
https://www.entrepreneur.com/article/332481,Technology
https://www.entrepreneur.com/article/340040,Technology
https://www.entrepreneur.com/article/281182,Technology
https://www.entrepreneur.com/article/306451,Technology
https://www.entrepreneur.com/article/314745,Technology
https://www.entrepreneur.com/article/333368,Technology
https://www.entrepreneur.com/article/252903,Technology
https://www.entrepreneur.com/article/345748,Trading
https://www.entrepreneur.com/article/303429,Trading
https://www.entrepreneur.com/article/274674,Trading
https://www.entrepreneur.com/article/235365,Trading
https://www.entrepreneur.com/article/322864,Trading
https://www.entrepreneur.com/article/344477,Trading
https://www.entrepreneur.com/article/168494,Trading
https://www.entrepreneur.com/article/252454,Trading
https://www.entrepreneur.com/article/329728,Trading
https://www.entrepreneur.com/article/283904,Trading
https://www.entrepreneur.com/article/325636,Trading
https://www.entrepreneur.com/article/289712,Trading
https://www.entrepreneur.com/article/290911,Trading
https://www.entrepreneur.com/article/273363,Trading
https://www.entrepreneur.com/article/334599,Trading
https://www.entrepreneur.com/article/250807#!,Trading
https://www.entrepreneur.com/article/249469,Trading
https://www.entrepreneur.com/article/242048,Trading
https://www.entrepreneur.com/article/299047,Trading
https://www.entrepreneur.com/article/330572,Trading
https://www.entrepreneur.com/article/333239,Trading
https://www.entrepreneur.com/article/173208,Trading
https://www.entrepreneur.com/article/249962,Trading
https://www.entrepreneur.com/article/336840,Trading
https://www.entrepreneur.com/article/320569,Trading
https://www.entrepreneur.com/article/253058,Trading
https://www.entrepreneur.com/article/347136,Trading
https://www.entrepreneur.com/article/343851,Trading
https://www.entrepreneur.com/article/315826,Trading
https://www.entrepreneur.com/article/300543,Trading
https://www.entrepreneur.com/article/339656,Trading
https://www.entrepreneur.com/article/229492,Trading
https://www.entrepreneur.com/article/270408,Trading
https://www.entrepreneur.com/article/228634,Trading
https://www.entrepreneur.com/article/302620,Trading
https://www.entrepreneur.com/article/336105,Trading
https://www.entrepreneur.com/article/331746,Trading
https://www.entrepreneur.com/article/333906,Trading
https://www.entrepreneur.com/article/218110,Trading
https://www.entrepreneur.com/article/235365,Trading
https://www.entrepreneur.com/article/252454,Trading
https://www.entrepreneur.com/article/303429,Trading
https://www.entrepreneur.com/article/273363,Trading
https://www.entrepreneur.com/article/249962,Trading
https://www.entrepreneur.com/article/295152,Trading
https://www.entrepreneur.com/article/337992,Trading
https://www.entrepreneur.com/article/242270,Trading
https://www.entrepreneur.com/article/326299,Trading
https://www.entrepreneur.com/article/171970,Trading
https://www.entrepreneur.com/article/331996,Trading
https://www.entrepreneur.com/article/233264,Writing
https://www.entrepreneur.com/article/346919,Writing
https://www.entrepreneur.com/article/247908,Writing
https://www.entrepreneur.com/article/280955,Writing
https://www.entrepreneur.com/article/253720,Writing
https://www.entrepreneur.com/article/251528,Writing
https://www.entrepreneur.com/article/281416,Writing
https://www.entrepreneur.com/article/239716,Writing
https://www.entrepreneur.com/article/343044,Writing
https://www.entrepreneur.com/article/317033,Writing
https://www.entrepreneur.com/article/250503,Writing
https://www.entrepreneur.com/article/308295,Writing
https://www.entrepreneur.com/article/286996,Writing
https://www.entrepreneur.com/article/282110,Writing
https://www.entrepreneur.com/article/225616,Writing
https://www.entrepreneur.com/article/243103,Writing
https://www.entrepreneur.com/article/306961,Writing
https://www.entrepreneur.com/article/345567,Writing
https://www.entrepreneur.com/article/200220,Writing
https://www.entrepreneur.com/article/337812,Writing
https://www.entrepreneur.com/article/270757,Writing
https://www.entrepreneur.com/article/236911,Writing
https://www.entrepreneur.com/article/306135,Writing
https://www.entrepreneur.com/article/169864,Writing
https://www.entrepreneur.com/article/234712,Writing
https://www.entrepreneur.com/article/288102,Writing
https://www.entrepreneur.com/article/225921,Writing
https://www.entrepreneur.com/article/273885,Writing
https://www.entrepreneur.com/article/253286,Writing
https://www.entrepreneur.com/article/248467,Writing
https://www.entrepreneur.com/article/278767,Writing
https://www.entrepreneur.com/article/251278,Writing
https://www.entrepreneur.com/article/312426,Writing
https://www.entrepreneur.com/article/282447,Writing
https://www.entrepreneur.com/article/241280,Writing
https://www.entrepreneur.com/article/233823,Writing
https://www.entrepreneur.com/article/275170,Writing
https://www.entrepreneur.com/article/237492,Writing
https://www.entrepreneur.com/article/230628,Writing
https://www.entrepreneur.com/article/277489,Writing
https://www.entrepreneur.com/article/332010,Writing
https://www.entrepreneur.com/article/245173,Writing
https://www.entrepreneur.com/article/276959,Writing
https://www.entrepreneur.com/article/302794,Writing
https://www.entrepreneur.com/article/341315,Writing
https://www.entrepreneur.com/article/274311,Writing
https://www.entrepreneur.com/article/228677,Writing
https://www.entrepreneur.com/article/314680,Writing
https://www.entrepreneur.com/article/321691,Writing
https://www.entrepreneur.com/article/313264,Writing
